label,scenarios,mean_error,avg_wait_first,avg_wait_max,avg_wait_mean,avg_queue_len_max,avg_queue_len_mean,avg_time_in_system_max,avg_time_in_system_mean,match_rate_first,within_budget_first,rt,cardio,radio,mh,physician,pa,nurse
1-ga-synthetic-only,week-v1,0.09863858255308891,0.00000000,0.00000000,0.00000000,0.00000000,0.00000000,0.21948942,0.21948942,0.8249350872430521,true,10,7,5,4,1,9,22
2-ga-real-hourly-only,week-v1-real-hourly,0.10144035891333798,0.00000000,0.00000000,0.00000000,0.00000000,0.00000000,0.21483723,0.21483723,0.8090757897849395,true,12,8,6,5,1,6,12
3-ga-lexicase-2-cases,week-v1+real-hourly,0.09933986612650833,0.00000000,0.00000000,0.00000000,0.00000000,0.00000000,0.21498095,0.21331032,0.8249350872430521,true,12,8,5,13,2,5,11
4-ga-synthetic-random-events,week-v1-rand-events,0.10076945793046638,0.00000000,0.00000000,0.00000000,0.00000000,0.00000000,0.21743199,0.21743199,0.8143541629749058,true,8,7,5,6,2,9,13
5-ga-lexicase-5-cases,5-case:baseline+real+sevResp+tightBudget+highDem,0.15603349274948036,0.00000000,0.00692631,0.00138946,0.10513304,0.02111855,0.27917702,0.25835068,0.6302628560719868,true,8,2,0,4,1,8,3
