{
  "rows": 29998,
  "avg_wait_minutes": 38.914364846545325,
  "avg_system_minutes": 43.82431995466365
}